{
  "generatedAt": "2025-11-25T09:52:19.269Z",
  "count": 48,
  "names": [
    {
      "name": "Mysuru",
      "slug": "mysuru-karnataka"
    },
    {
      "name": "Udupi",
      "slug": "udupi"
    },
    {
      "name": "Ram Mandir",
      "slug": "ram-mandir"
    },
    {
      "name": "Rammandir tole",
      "slug": "rammandir"
    },
    {
      "name": "Ram Temple",
      "slug": "ram-mandhir-temple"
    },
    {
      "name": "Karwar",
      "slug": "karwar"
    },
    {
      "name": "Hosapete",
      "slug": "hospet"
    },
    {
      "name": "Sirsi",
      "slug": "sirsi"
    },
    {
      "name": "Delhi, IA",
      "slug": "delhi"
    },
    {
      "name": "New Delhi",
      "slug": "new-delhi"
    },
    {
      "name": "574240",
      "slug": "574240-india"
    },
    {
      "name": "Sirsi",
      "slug": "sirsi-india"
    },
    {
      "name": "Kargal Talguppa Road",
      "slug": "talguppa-india"
    },
    {
      "name": "577213",
      "slug": "577213-india"
    },
    {
      "name": "582208",
      "slug": "582208-india"
    },
    {
      "name": "Cafe Ladakh",
      "slug": "ladakh-india"
    },
    {
      "name": "Kerala",
      "slug": "kerala-india"
    },
    {
      "name": "Sagar",
      "slug": "sagar-india"
    },
    {
      "name": "Taj Mahal",
      "slug": "taj-mahal"
    },
    {
      "name": "Jaipur - The Pink City",
      "slug": "jaipur---the-pink-city"
    },
    {
      "name": "Goa Beaches",
      "slug": "goa-beaches"
    },
    {
      "name": "Varanasi (Kashi)",
      "slug": "varanasi-kashi"
    },
    {
      "name": "Kerala Backwaters",
      "slug": "kerala-backwaters"
    },
    {
      "name": "Ladakh - Land of High Passes",
      "slug": "ladakh---land-of-high-passes"
    },
    {
      "name": "Rishikesh - Yoga Capital",
      "slug": "rishikesh---yoga-capital"
    },
    {
      "name": "Darjeeling - Queen of Hills",
      "slug": "darjeeling---queen-of-hills"
    },
    {
      "name": "Andaman Islands",
      "slug": "andaman-islands"
    },
    {
      "name": "Mysore Palace",
      "slug": "mysore-palace"
    },
    {
      "name": "Hampi",
      "slug": "hampi"
    },
    {
      "name": "Udaipur - City of Lakes",
      "slug": "udaipur---city-of-lakes"
    },
    {
      "name": "Munnar",
      "slug": "munnar"
    },
    {
      "name": "Coorg",
      "slug": "coorg"
    },
    {
      "name": "Shimla",
      "slug": "shimla"
    },
    {
      "name": "Manali",
      "slug": "manali"
    },
    {
      "name": "Amritsar - Golden Temple",
      "slug": "amritsar---golden-temple"
    },
    {
      "name": "Khajuraho Temples",
      "slug": "khajuraho-temples"
    },
    {
      "name": "Ajanta & Ellora Caves",
      "slug": "ajanta-ellora-caves"
    },
    {
      "name": "Kaziranga National Park",
      "slug": "kaziranga-national-park"
    },
    {
      "name": "Rann of Kutch",
      "slug": "rann-of-kutch"
    },
    {
      "name": "Valley of Flowers",
      "slug": "valley-of-flowers"
    },
    {
      "name": "Sundarbans National Park",
      "slug": "sundarbans-national-park"
    },
    {
      "name": "Konark Sun Temple",
      "slug": "konark-sun-temple"
    },
    {
      "name": "Meenakshi Temple",
      "slug": "meenakshi-temple"
    },
    {
      "name": "Agra Fort",
      "slug": "agra-fort"
    },
    {
      "name": "Red Fort Delhi",
      "slug": "red-fort-delhi"
    },
    {
      "name": "Gateway of India",
      "slug": "gateway-of-india"
    },
    {
      "name": "Sanchi Stupa",
      "slug": "sanchi-stupa"
    },
    {
      "name": "Mahabalipuram",
      "slug": "mahabalipuram"
    }
  ]
}